x1,x2,x3,y
0.0,4.967141530112327,15,88.27604723267363
0.024024024024024024,0.38165872739392825,22,109.28279903861244
0.04804804804804805,8.478753651554273,23,113.02357586847879
0.07207207207207207,18.23285023472987,18,118.07806657788095
0.0960960960960961,1.6614004694513045,21,104.47503389297447
0.12012012012012012,2.661546101366057,19,119.56032913649437
0.14414414414414414,21.79452399063768,20,149.58701165904537
0.16816816816816815,14.675621854954946,12,76.50093252341547
0.1921921921921922,3.3047079079817583,16,92.04635528671648
0.21621621621621623,14.422427866319143,26,144.02046449190328
0.24024024024024024,5.359124688179302,15,97.26588063595005
0.26426426426426425,6.331476942982957,22,118.74450016057993
0.2882882882882883,14.40276898741767,21,133.7340409523085
0.3123123123123123,6.156485086579052,16,106.50787358551693
0.3363363363363363,3.2809900969304446,12,54.6993535170274
0.36036036036036034,9.335784199021393,17,90.78146762799396
0.3843843843843844,5.819320701658983,23,121.95580129301106
0.4084084084084084,20.07747970036344,18,141.76397313614527
0.43243243243243246,8.840443210049123,26,133.78472296262714
0.45645645645645644,4.781528899835888,19,77.61087118793546
0.4804804804804805,34.543041322965394,20,166.01593550328224
0.5045045045045045,18.608785727436047,27,179.2484929674948
0.5285285285285285,22.51973506073935,17,143.62767320445258
0.5525525525525525,8.572686630806828,27,149.17141729841734
0.5765765765765766,18.349770158125672,22,144.31500397482105
0.6006006006006006,25.873868105212278,23,180.08854535478383
0.6246246246246246,14.223269834758028,15,86.62299654643573
0.6486486486486487,30.456170739903186,34,228.97307967392223
0.6726726726726726,21.656113360148094,25,172.23448363756478
0.6966966966966966,25.70610069660168,19,152.9944786961438
0.7207207207207207,23.563641994361422,18,134.19137921897618
0.7447447447447447,49.05819591277572,15,175.69503617684407
0.7687687687687688,31.35208813922365,33,205.12720905062372
0.7927927927927928,21.858442429395513,22,149.51277911383093
0.8168168168168168,41.60624214744997,24,210.19802187089505
0.8408408408408409,22.114253096611343,33,201.92808837319842
0.8648648648648649,37.349783001181336,16,157.88400281285325
0.8888888888888888,16.59937011912329,15,115.33413191294022
0.9129129129129129,23.845508348784858,18,137.0042634277308
0.9369369369369369,40.02355853386133,19,179.56256558849918
0.960960960960961,46.36337622732618,22,195.9823096846891
0.984984984984985,41.61225184559211,15,159.11334584917873
1.009009009009009,39.65794700090964,22,198.44508272473854
1.033033033033033,38.71516407601796,21,187.09915686081936
1.057057057057057,27.84857139238857,16,133.00300126030896
1.0810810810810811,36.33866759324319,17,163.16274247263755
1.105105105105105,39.82967795367789,20,190.12076912903726
1.1291291291291292,55.901791441600764,9,139.69155748481415
1.1531531531531531,49.65671349250978,19,209.36362709403798
1.177177177177177,29.47545918823235,17,144.1199025211855
1.2012012012012012,51.22731059885738,9,155.3131241337207
1.2252252252252251,45.01145004514511,19,200.67104500241817
1.2492492492492493,42.96395881711149,20,175.95892840966607
1.2732732732732732,56.715864441595265,14,180.15713867873487
1.2972972972972974,61.76994950832086,17,209.5463039497766
1.3213213213213213,61.628451944875415,16,199.38333264247052
1.3453453453453452,44.77392999168901,33,275.93326177778215
1.3693693693693694,50.91910872037325,22,207.37860461058668
1.3933933933933933,58.16358215136135,26,244.95187668803422
1.4174174174174174,65.44061843143135,29,282.1773794311447
1.4414414414414414,51.72206448074981,20,195.74695802506304
1.4654654654654655,55.480194138418945,26,241.39997755567165
1.4894894894894894,47.09066609585207,23,216.82433327267438
1.5135135135135136,47.00335452476047,16,175.21864554623636
1.5375375375375375,67.89617561562477,18,229.4710952548627
1.5615615615615615,74.13282528963742,13,212.65701413947585
1.5855855855855856,60.643762276269086,21,215.89957821748726
1.6096096096096095,72.18648233292168,26,282.4177256080646
1.6336336336336337,66.54857595417066,18,245.54738352571462
1.6576576576576576,57.25577473307118,24,239.6685387469497
1.6816816816816818,68.08930150517656,24,263.4762892278736
1.7057057057057057,80.6176238906843,25,298.2795924496543
1.7297297297297298,65.63437387256795,21,228.7646319688581
1.7537537537537538,82.38783443288715,18,277.06207670833163
1.7777777777777777,41.28602299265371,19,184.9286672828688
1.8018018018018018,76.43781342819881,18,264.59960125269413
1.8258258258258258,69.81773793171136,16,217.7826233856603
1.84984984984985,66.67876413035016,16,237.0876970358281
1.8738738738738738,71.30103500587343,21,260.97524657371633
1.897897897897898,51.215275318354195,22,223.65464518892566
1.921921921921922,69.59465953331748,18,237.2953293759322
1.9459459459459458,76.05572461652235,20,255.46400089013804
1.96996996996997,87.94949692059389,18,283.8142203358364
1.993993993993994,68.66648021169675,21,249.71854110385596
2.018018018018018,66.43547263828316,21,224.25430229474887
2.042042042042042,70.16659759916621,31,290.2874567073885
2.066066066066066,84.99441516651089,15,249.32857100929252
2.09009009009009,79.77653187375888,18,258.9233238494436
2.114114114114114,71.83238136830057,20,249.44122018994452
2.138138138138138,82.89589198293879,17,269.3959062782286
2.1621621621621623,79.35943555841341,24,265.6943389629271
2.186186186186186,88.69269788168879,17,270.37983368698775
2.21021021021021,72.59538856533484,23,248.64161550742875
2.234234234234234,76.94099209344061,19,263.18180984442563
2.2582582582582584,76.89018832154643,15,234.6105642734476
2.2822822822822824,66.76167941909408,15,219.5663054052762
2.3063063063063063,84.93543480000328,23,283.1509589130278
2.33033033033033,85.15397410600978,21,295.0935885195881
2.354354354354354,83.15547449893185,32,343.7912587015153
2.3783783783783785,81.31106013675743,24,295.5926984387689
2.4024024024024024,70.0474332083359,30,296.0069011552446
2.4264264264264264,80.53045965038129,16,254.13877143299317
2.4504504504504503,81.83704936873364,21,268.95652440894514
2.4744744744744747,77.76016007118407,18,261.4993001559987
2.4984984984984986,84.68021847227918,24,313.35074138329304
2.5225225225225225,90.83508046272617,25,324.94383409281176
2.5465465465465464,106.14923044276925,22,322.642075827104
2.5705705705705704,89.51720294725789,22,300.36029077895853
2.5945945945945947,90.82218746474517,21,281.49674327568766
2.6186186186186187,87.96864086806563,16,269.51704070374393
2.6426426426426426,69.9829153358984,21,257.3997927283501
2.6666666666666665,89.35408134850347,16,248.00999930168533
2.6906906906906904,90.66113501871865,21,282.7765036703857
2.714714714714715,115.12184301371148,23,350.55644120412944
2.7387387387387387,88.98733421905129,19,278.1822871829105
2.7627627627627627,94.33883004038005,14,254.87117901486036
2.7867867867867866,91.379501118814,23,310.0091498915102
2.810810810810811,80.43390968047865,17,256.81498788279487
2.834834834834835,103.93375899888979,15,289.42933118249886
2.858858858858859,100.40043297308947,16,281.81952752117184
2.8828828828828827,101.1576872724587,12,281.4510944577317
2.9069069069069067,84.5104150736395,12,254.2956219988827
2.930930930930931,107.97977545088382,16,299.91672885609506
2.954954954954955,80.27145051031903,26,293.28609671395475
2.978978978978979,100.48721306942254,20,314.82343972990196
3.003003003003003,116.84239864549735,18,329.1135125025339
3.027027027027027,85.34216667117369,21,283.3714424167961
3.051051051051051,89.88469641011618,19,291.3190774906322
3.075075075075075,96.83475731501777,15,258.80117898018784
3.099099099099099,91.08445414035705,16,284.6492288265381
3.123123123123123,80.88391229487111,13,236.863999202405
3.1471471471471473,97.33785399652776,24,320.00221798887515
3.171171171171171,86.28118025310364,22,291.18353247750633
3.195195195195195,101.88242508799819,28,352.97472931178714
3.219219219219219,88.18480780330863,19,263.7152602298257
3.2432432432432434,113.10118623121939,20,350.88148446670084
3.2672672672672673,89.9823216408335,20,290.17970140617496
3.2912912912912913,94.797450789319,13,268.89879675698563
3.315315315315315,106.34662815460835,14,302.1546999609031
3.339339339339339,86.08636211088672,24,291.97911766418844
3.3633633633633635,100.84329478882009,17,301.51139865808256
3.3873873873873874,111.80393662273183,13,296.0936244986379
3.4114114114114114,82.81159742696164,21,289.32513684032244
3.4354354354354353,100.87678068333015,19,285.7875934694517
3.4594594594594597,101.7633595687335,21,317.9141545134327
3.4834834834834836,107.10691363937474,28,358.63607117136036
3.5075075075075075,87.03338243518975,14,258.9119168992436
3.5315315315315314,86.30256791927138,18,277.90017230681934
3.5555555555555554,104.82082365095775,24,333.23205502036194
3.5795795795795797,102.65554866412762,12,268.92809742523355
3.6036036036036037,102.26493591838654,15,289.2340289620106
3.6276276276276276,103.28879909378506,22,318.4940587973009
3.6516516516516515,93.0783770238876,28,345.5315459572514
3.6756756756756754,102.245460667553,21,316.82587635765856
3.6996996996997,102.88793566183175,15,262.8050882295462
3.7237237237237237,92.83796832255237,19,288.0988872500579
3.7477477477477477,118.6534810973052,18,328.16476722941394
3.7717717717717716,104.73829915889618,32,364.4791554784982
3.795795795795796,88.0811489983107,17,260.17541900178304
3.81981981981982,106.54391471362459,19,320.6413736050384
3.843843843843844,90.2057388020393,22,315.22941741809245
3.8678678678678677,107.78756322630345,22,340.3105747948603
3.8918918918918917,111.45682306203956,15,303.52428791759735
3.915915915915916,91.6081871641923,24,319.52316402783936
3.93993993993994,109.38291330538763,11,280.99474332840515
3.963963963963964,103.80110813600534,14,282.5481044722711
3.987987987987988,107.80806010918675,17,301.03645750000766
4.012012012012012,118.45956936844613,23,346.4368867054111
4.036036036036036,96.9319704056152,25,327.07281185374404
4.06006006006006,91.7327435367772,17,282.2262021529359
4.084084084084084,90.24926768750174,20,291.7845509271068
4.108108108108108,90.85068172059505,19,284.86601848604084
4.132132132132132,98.09221943548249,18,289.1233746603936
4.156156156156156,102.11930219388141,24,342.789534773081
4.18018018018018,101.3093458882397,19,296.98791311755406
4.2042042042042045,106.63905193509274,24,353.6509956212328
4.228228228228228,98.31216357066775,20,299.28684163675297
4.252252252252252,112.52257283237623,31,385.2775500479789
4.276276276276276,95.13593286923316,13,253.43284266113835
4.3003003003003,124.76966425413619,19,352.42620794031694
4.324324324324325,103.60034119398689,13,294.9267799457266
4.348348348348348,88.53803349696835,15,270.27739292342136
4.372372372372372,86.1568950945636,23,310.21512842652464
4.396396396396397,101.43704933842498,18,311.2847133253785
4.42042042042042,94.11452194037987,19,285.45360685671733
4.444444444444445,103.21632520906454,24,336.45809150818684
4.468468468468468,100.52624019261647,23,321.6558944994637
4.4924924924924925,94.77352000525373,19,311.3302665283754
4.516516516516517,86.73224790601977,22,285.04615889732594
4.54054054054054,79.740549787234,11,237.03969808998073
4.564564564564565,90.10320163168977,15,277.8296356581609
4.588588588588588,102.80219251579088,20,337.66635281450834
4.612612612612613,96.0395528164935,9,246.82007754452985
4.636636636636637,81.09222979980146,23,298.21759110531445
4.66066066066066,94.92305543564885,12,286.64461121866816
4.684684684684685,96.67671085174996,18,291.231058988217
4.708708708708708,83.6079527011406,18,255.99162905308376
4.732732732732733,93.59750503886231,22,292.5931079368452
4.756756756756757,92.24684369204267,15,280.89107794296893
4.7807807807807805,79.83037129800725,22,265.171582857771
4.804804804804805,94.42412143802483,17,284.53946676108484
4.828828828828828,96.03116391113811,17,295.9219461791523
4.852852852852853,100.82184152408531,22,328.0539969750284
4.876876876876877,100.08834297464308,16,299.06176522175855
4.900900900900901,75.32364924239803,21,272.5728997455073
4.924924924924925,79.26318518391385,22,296.0898032757364
4.948948948948949,93.32399909193826,24,311.9716812233354
4.972972972972973,92.8348818136741,21,298.8187311616818
4.996996996996997,92.36208785770737,25,316.9885722536975
5.021021021021021,125.24477603463642,14,343.854533250962
5.045045045045045,91.9235273253623,28,347.9861756698104
5.069069069069069,97.05880105166621,18,303.8370625037247
5.093093093093093,94.72309730708808,19,311.5604105623547
5.117117117117117,91.16839190860803,29,330.9077264948036
5.141141141141141,80.96470433910292,14,264.02507321714063
5.165165165165165,91.16157786234727,26,343.05103743731263
5.1891891891891895,75.28974852582147,17,258.503284591668
5.213213213213213,80.08761125843263,28,333.6328512442155
5.237237237237237,77.03169647550389,24,273.2088725859418
5.261261261261261,82.12540310927136,25,299.79010863969995
5.285285285285285,103.86643025985502,24,336.2356817687464
5.3093093093093096,61.45228745977379,15,221.04729608504897
5.333333333333333,86.38460760605004,9,223.26780781607863
5.357357357357357,62.783945244696056,14,219.21491405483906
5.381381381381381,73.57297670268724,25,301.99545898948577
5.405405405405405,88.55514788823507,20,300.2785409935264
5.42942942942943,77.67400661182549,23,289.4738117485543
5.453453453453453,65.61160465831357,21,242.70483626798003
5.4774774774774775,68.58620721965373,17,230.13633721048623
5.501501501501502,81.8778246445837,22,302.7563428466385
5.525525525525525,67.11326052022841,15,233.5965876560867
5.54954954954955,75.90913587922094,13,233.0767252133151
5.573573573573573,73.52050236407953,24,279.5826299912209
5.597597597597598,65.8616934184527,21,233.25810089858442
5.621621621621622,93.12279851081891,21,297.4019376996583
5.645645645645645,77.32102592980901,18,280.6931796679522
5.66966966966967,50.02177558724381,21,209.24800447347195
5.693693693693693,71.422069011605,24,281.8200173165019
5.717717717717718,62.21701599952787,23,266.6616248841609
5.741741741741742,76.62967156034836,31,312.93534166589905
5.7657657657657655,59.44376427486756,18,228.03193059484326
5.78978978978979,65.47849035650185,17,242.70550545747963
5.813813813813813,70.92593479803317,19,254.41830425658029
5.837837837837838,73.77722044090184,26,323.75198495198487
5.861861861861862,52.35378596375308,18,195.6071649243098
5.885885885885886,60.24237069917086,23,263.7296843548382
5.90990990990991,58.06219154755804,22,242.12609545088117
5.933933933933934,55.496320241906986,24,256.51364383398254
5.957957957957958,78.89590754501702,21,285.0787604809003
5.981981981981982,64.49679847443231,22,249.60798092371056
6.006006006006006,47.03770128897227,21,219.38338452055595
6.03003003003003,68.01874321896581,21,240.5485620140388
6.054054054054054,79.24937288579441,22,292.6933829394649
6.078078078078078,67.5343363328945,17,241.28449155992848
6.102102102102102,41.19212449992828,20,207.0771569925939
6.126126126126126,50.713974033548645,11,185.38750969634717
6.15015015015015,67.39035014387424,24,276.90734914029605
6.1741741741741745,46.80398484684958,24,233.61138641420445
6.198198198198198,57.47291582033752,19,219.7297428686567
6.222222222222222,59.9297900583493,18,221.40403914687474
6.246246246246246,42.05764403979798,13,179.721373020108
6.27027027027027,49.87005149374356,21,237.9142678553577
6.2942942942942945,17.185931355950256,22,160.87364123166287
6.318318318318318,38.483058291979226,22,206.38109901144614
6.342342342342342,45.32470072734507,14,170.63028473177948
6.366366366366366,34.491203374942955,25,224.80907430165948
6.39039039039039,62.40709491508425,21,255.63952923825747
6.414414414414415,30.89089728726706,15,175.43721218241484
6.438438438438438,39.8966671456755,18,180.32541883486894
6.4624624624624625,44.704880184409824,17,190.01706876602486
6.486486486486487,56.90622129745044,17,220.58636127961606
6.51051051051051,27.226623065484958,19,175.44967303975915
6.534534534534535,52.30447145011337,14,192.055870128354
6.558558558558558,39.85867849389611,23,205.6634217589309
6.5825825825825826,29.020791763619446,19,181.60340656422235
6.606606606606607,42.532552072953905,24,232.09627759118345
6.63063063063063,38.973954628572514,21,193.67706014339967
6.654654654654655,30.0493235311608,24,213.61703903734053
6.678678678678678,35.81403544236452,31,258.36609401273114
6.702702702702703,30.323882307731875,11,137.09883769604977
6.726726726726727,34.369770893843985,17,174.71570059162852
6.7507507507507505,38.91015326268315,27,238.61313648877763
6.774774774774775,47.20002842996194,17,191.10735048168564
6.798798798798798,18.009578794083424,19,151.71586877620408
6.822822822822823,50.76289620812917,11,155.47042543863503
6.846846846846847,8.953564018581286,7,82.21222503273246
6.870870870870871,25.995617491870522,27,191.98891537193506
6.894894894894895,32.43291010070895,20,200.5847031703926
6.918918918918919,28.39326603733703,18,164.2420878917663
6.942942942942943,18.387398048218433,29,200.48695510595394
6.966966966966967,21.561750280285995,19,152.74706240062784
6.990990990990991,17.739173961510915,16,133.57093215677403
7.015015015015015,15.799474822886994,15,141.8293081422994
7.039039039039039,29.210908807538914,21,159.66084816684415
7.063063063063063,23.304732521326216,14,150.5683080927235
7.087087087087087,11.823194139317666,16,128.28788435091369
7.111111111111111,26.764122307094297,25,187.7913614689498
7.135135135135135,19.855171865914016,20,150.36262520674103
7.1591591591591595,23.923169384822415,12,146.08774651920433
7.183183183183183,21.10162554969472,21,159.29773184951168
7.207207207207207,5.5246924684228675,19,116.13750145250776
7.231231231231231,7.22075340308101,25,172.50834592350301
7.255255255255255,19.302136269673554,19,158.755567067972
7.2792792792792795,16.93835400664759,22,156.33529008576903
7.303303303303303,9.630000920288278,11,98.33616150453265
7.327327327327327,10.015670336421422,24,151.75579581842206
7.351351351351351,20.62153910123399,16,154.3053462407481
7.375375375375375,0.930883841222202,15,109.60160345730186
7.3993993993994,11.31859310209078,24,170.1554463905992
7.423423423423423,2.826128398544372,16,111.53913767982918
7.4474474474474475,1.6711927506006246,16,123.29660909221732
7.471471471471472,13.835337594718577,19,145.0819528777338
7.495495495495495,10.101011531806591,20,130.86976829589165
7.51951951951952,8.98103831582891,13,110.01537431853944
7.543543543543543,12.899739178331727,25,194.29057948266524
7.5675675675675675,0.9459857901021125,16,94.4470793510484
7.591591591591592,4.66264602630734,17,113.4854391604496
7.615615615615615,6.26019461420073,21,144.5316964562628
7.63963963963964,0.9161905024886743,24,144.2122514338389
7.663663663663663,6.459194935413065,27,161.08634505804397
7.687687687687688,5.187198300946072,15,119.65603822725993
7.711711711711712,1.2043643117164278,24,168.7442709787406
7.7357357357357355,16.336200992826562,14,127.8409237830994
7.75975975975976,11.772636027798622,22,147.78386843751653
7.783783783783783,20.207736163604444,19,143.2772184280255
7.807807807807808,23.284757315730708,24,192.57269786709665
7.831831831831832,0.5559547823812572,22,145.6461784934206
7.8558558558558556,5.213412780025448,26,168.74607059257227
7.87987987987988,7.880502128467483,15,114.37660548738607
7.903903903903903,8.828490798883575,21,140.4759767915858
7.927927927927928,16.22314500365864,25,170.30843746392017
7.951951951951952,26.060339094482288,23,199.32404730806925
7.975975975975976,17.315155714187856,20,167.6959555701595
8.0,25.82841340266966,19,155.199528938432
8.024024024024024,10.287284464026055,20,160.54503078193102
8.048048048048049,22.488733278749873,18,164.86232291058388
8.072072072072071,30.2507030888717,13,163.71356884541757
8.096096096096096,26.184957234231987,14,133.2369252719011
8.12012012012012,19.814850279918495,19,145.33181936604296
8.144144144144144,30.552077163212516,22,194.04689366118453
8.168168168168169,34.10520595056639,18,187.74276067458925
8.192192192192191,24.411706776792695,22,201.3635983594316
8.216216216216216,25.361799864227514,22,192.433037515255
8.24024024024024,33.84099731869282,23,204.97590258998605
8.264264264264265,34.43916571539129,16,163.40743214691645
8.288288288288289,28.362521571778505,17,178.88991373561336
8.312312312312311,46.11502822423061,23,222.519939127891
8.336336336336336,46.656816688572064,17,219.60732793387635
8.36036036036036,40.71135057602265,24,223.65993573706132
8.384384384384385,36.60274992107005,17,199.26447372147175
8.408408408408409,32.297119085413094,22,206.6087762966442
8.432432432432432,21.587001227613445,13,132.10134485809962
8.456456456456456,28.694694515840624,19,172.56479468278934
8.48048048048048,39.79766883490154,21,206.62770033778372
8.504504504504505,39.311610954175045,36,288.419902345616
8.528528528528529,50.065987913209554,19,221.48912637418186
8.552552552552552,41.14105896234584,17,187.00166150166228
8.576576576576576,44.753643565231535,17,198.58070275701647
8.6006006006006,39.546806089580556,23,220.68118427815443
8.624624624624625,51.94894971438683,25,233.48443235849942
8.64864864864865,39.381447346420615,26,239.2905217866742
8.672672672672672,30.141329186448196,23,191.50346414374636
8.696696696696696,47.44556968749246,13,174.44790543301752
8.72072072072072,43.22545582483091,17,180.7396303407169
8.744744744744745,41.22100429112131,17,175.73731783779797
8.76876876876877,53.009698246399935,23,233.77122776798328
8.792792792792794,47.62670850617108,22,224.5415858144156
8.816816816816816,50.60685240307446,27,282.19674663186504
8.84084084084084,50.61607511503146,12,182.4958759936334
8.864864864864865,60.177824054192286,24,268.72774376565945
8.88888888888889,53.052259354125475,25,261.77599923998093
8.912912912912914,49.16167269833767,21,231.37273599757256
8.936936936936936,40.469089082061444,22,216.97455436767376
8.96096096096096,46.221177429242964,26,237.37230010537638
8.984984984984985,35.1098291236479,20,211.68388868504286
9.00900900900901,65.13722187298708,17,260.37343720938003
9.033033033033034,49.55687458568545,24,229.38626132924315
9.057057057057056,57.257155971436845,27,266.4451972051811
9.08108108108108,37.99712092854228,21,205.43938167655773
9.105105105105105,68.77670588423312,21,260.22334913467967
9.12912912912913,69.88343274395262,16,252.21390840985129
9.153153153153154,68.26647118234658,13,221.7096798000865
9.177177177177176,84.29159270117917,20,317.7652776119559
9.2012012012012,69.08395856480392,30,327.6770066766474
9.225225225225225,72.18511248156032,23,289.17164094511844
9.24924924924925,63.850753256584355,22,275.71911689411377
9.273273273273274,62.691488113895424,16,244.26180029118376
9.297297297297296,48.09507213868442,20,218.4425612886783
9.32132132132132,58.09357579460326,14,205.98894310775083
9.345345345345345,74.10111111397858,20,277.0196888936897
9.36936936936937,78.04363481450282,21,297.8117389820932
9.393393393393394,64.86079020594582,16,239.292364578606
9.417417417417417,83.69581589444148,16,259.87391921922523
9.441441441441441,52.88533465964017,13,191.06674920409623
9.465465465465465,60.10482541088571,24,267.86631858222404
9.48948948948949,77.28308317511089,20,282.27797877543196
9.513513513513514,90.40749836893582,28,369.0809590463102
9.537537537537537,60.4149135290936,13,200.58256024680983
9.561561561561561,75.76910980119935,14,255.27879670544215
9.585585585585585,62.90814505100543,20,269.4641779420505
9.60960960960961,91.88563793304583,20,335.3146021491484
9.633633633633634,82.5825554653204,17,275.02203759970206
9.657657657657657,77.17613797206914,19,283.23954344431326
9.681681681681681,77.39080050327543,27,324.52424962358236
9.705705705705705,82.98549103637622,21,302.0429165054025
9.72972972972973,72.8727027402595,25,298.94614265731514
9.753753753753754,90.38584620168409,22,324.39270755962986
9.777777777777779,81.7338897388216,17,252.47865195877966
9.801801801801801,79.6995445238004,21,300.62518935363255
9.825825825825826,76.3424120654441,14,253.42408064498537
9.84984984984985,74.94678625655324,19,272.21837309487336
9.873873873873874,93.87726792514867,14,307.84477942911457
9.897897897897899,98.53162111689655,24,340.00759573958123
9.921921921921921,70.96500795190146,12,227.66502177891837
9.945945945945946,80.96154193137288,29,356.6764547226309
9.96996996996997,92.30400801707454,22,316.19731289556046
9.993993993993994,69.8335846640164,21,269.1479984806494
10.018018018018019,84.70576831035103,21,302.9953364404476
10.042042042042041,74.57834966875673,23,302.6901702849351
10.066066066066066,86.19628919131253,27,339.6688016543564
10.09009009009009,66.75544277750375,20,250.85490235375516
10.114114114114114,70.2922079048648,17,250.60507252080004
10.138138138138139,90.80915003341373,21,310.95917014911976
10.162162162162161,79.06884169101227,14,257.8519594162805
10.186186186186186,82.78693819221952,18,290.3908715292959
10.21021021021021,76.00158673021163,22,296.8158616499336
10.234234234234235,99.77535484908631,23,327.4932948603913
10.258258258258259,83.69479299213477,22,318.8037706346529
10.282282282282281,80.39117647919869,17,279.1548882652105
10.306306306306306,108.97381427906963,19,357.71186795299724
10.33033033033033,103.62084573842272,27,377.67466574074314
10.354354354354355,112.57322645180264,17,352.22274554402594
10.378378378378379,95.25838060386948,18,316.31734945737537
10.402402402402402,85.76302239223781,23,331.19550955371034
10.426426426426426,78.27969473766694,18,283.06117511479096
10.45045045045045,92.91778882571624,19,311.2077765383548
10.474474474474475,77.71866799030407,26,339.5851066085004
10.498498498498499,108.1425056113717,15,331.6708779410379
10.522522522522522,111.70253003917172,22,370.71007185595516
10.546546546546546,95.54191149744618,18,299.96041846914864
10.57057057057057,91.45399129214753,19,296.73661812137135
10.594594594594595,95.92025606313868,22,336.5514507314797
10.618618618618619,116.55681398499769,18,356.4246958035336
10.642642642642642,97.05307041776994,23,334.89284311338463
10.666666666666666,109.47640669792635,20,352.3626403919733
10.69069069069069,89.99516546901518,18,317.9486722905384
10.714714714714715,93.27639928516402,15,300.65096745997516
10.73873873873874,106.5819568235595,24,353.97004476580787
10.762762762762762,102.55286764739506,17,321.278935311649
10.786786786786786,108.22761235621323,17,325.7659202642612
10.81081081081081,98.47376375090099,21,330.50296077014883
10.834834834834835,88.49724099980266,31,360.3628298478134
10.85885885885886,108.09779167124363,18,333.9957040930238
10.882882882882884,93.38208940723949,20,306.86147374339373
10.906906906906906,103.89729221348615,21,344.2387583325111
10.93093093093093,106.6857266820564,19,335.5581697884325
10.954954954954955,99.9796888903747,17,288.5297557455916
10.97897897897898,109.40428477905519,11,327.27522674006394
11.003003003003004,104.72090592895653,21,358.3385174090888
11.027027027027026,111.28580489701613,21,356.8896836258634
11.05105105105105,79.77243722685992,19,287.88621810427895
11.075075075075075,99.16975382172535,20,319.84818939550036
11.0990990990991,106.61237311674634,22,373.4792723088986
11.123123123123124,97.55806624344959,22,357.4583888039997
11.147147147147146,100.89390348902845,19,331.79618570196357
11.17117117117117,102.04307966586106,20,347.8349792870891
11.195195195195195,93.7444740969973,27,357.8274015689194
11.21921921921922,92.35381288608937,20,304.9980290410771
11.243243243243244,105.26663753061094,14,310.1447711013151
11.267267267267266,105.74252842757166,14,316.6061383246647
11.29129129129129,102.74756458140793,17,319.8235258492553
11.315315315315315,123.01894119546905,29,422.7972955625337
11.33933933933934,115.14430218904677,20,363.39262682102043
11.363363363363364,86.3062917275521,21,310.89388856653966
11.387387387387387,83.4979826570873,17,286.6807123813116
11.411411411411411,102.40063087585467,24,348.4294453219776
11.435435435435435,94.09730058240089,20,315.33074597982875
11.45945945945946,96.69296219414915,21,319.91846010967697
11.483483483483484,68.94924872771423,16,262.12710340274094
11.507507507507507,88.46490707079707,25,315.3958672457134
11.531531531531531,100.85244552852215,19,342.8353890848082
11.555555555555555,109.03131026007343,23,381.5927811594419
11.57957957957958,115.43303786457912,23,377.58300859807076
11.603603603603604,97.21665043337282,17,288.2127407992835
11.627627627627627,106.68756144921883,24,364.6449001616476
11.651651651651651,113.20942611963028,22,370.7319655813273
11.675675675675675,105.30553446016022,17,320.5321137480583
11.6996996996997,109.49829855244244,23,363.9435122659015
11.723723723723724,81.64452709864184,23,328.7621773570884
11.747747747747747,89.52279956823968,22,330.93811400274
11.771771771771771,98.23232370445038,25,347.5343215804351
11.795795795795796,83.15672121832183,13,250.72483812807675
11.81981981981982,96.97622969172168,12,286.1417456668051
11.843843843843844,106.14671045361742,19,340.69038464526193
11.867867867867869,82.07681049846207,18,294.7192164741609
11.891891891891891,91.68338345058208,20,313.68927545116327
11.915915915915916,107.19965143613497,12,315.2620463736363
11.93993993993994,98.47558064664665,24,372.1225215137154
11.963963963963964,105.06370389056188,10,304.1743098974583
11.987987987987989,109.86119619526846,19,350.2054712811932
12.012012012012011,86.48747846419104,16,287.17948825388515
12.036036036036036,76.36154856479138,19,280.26447389589214
12.06006006006006,109.13828712621958,17,351.2631635571408
12.084084084084084,89.2102811990245,16,288.3996801907882
12.108108108108109,101.02425852055923,18,328.82506845544265
12.132132132132131,99.05747529423643,20,335.0233260036801
12.156156156156156,99.76911191734608,21,335.98885037504533
12.18018018018018,102.13462835414799,12,287.0851417699955
12.204204204204204,92.6496842394227,16,305.1417261276347
12.228228228228229,101.07524947741608,21,343.22514392096303
12.252252252252251,89.68273277170874,17,306.12462699453994
12.276276276276276,92.50197768218145,17,301.4967811288001
12.3003003003003,93.99215430429582,22,347.093422497623
12.324324324324325,100.27220916519495,23,343.7496534912444
12.348348348348349,96.5490467119467,10,297.2635413091174
12.372372372372372,82.80308576856636,23,300.2469235559672
12.396396396396396,84.91443704839428,25,336.36576393154667
12.42042042042042,99.25676197304702,16,320.5290920326215
12.444444444444445,88.03652110198448,17,290.4508048578935
12.468468468468469,81.05568681113381,18,293.76071840628316
12.492492492492492,104.79445012242164,25,384.86156441992233
12.516516516516516,82.18880704119998,19,274.7589752384089
12.54054054054054,93.76187848986031,13,295.1728266762504
12.564564564564565,80.93415520538292,20,274.6292959011588
12.588588588588589,93.76855315189752,22,325.6462240343287
12.612612612612612,103.67197151111667,23,376.47344450908065
12.636636636636636,101.37718440753898,30,384.8464583910673
12.66066066066066,84.09099293561219,17,279.42516820911663
12.684684684684685,81.43622570527464,24,318.94712817475653
12.70870870870871,92.52980518709936,10,293.8647998819603
12.732732732732732,76.54553724539748,31,327.9724502169329
12.756756756756756,98.98317566497487,19,320.72352248382657
12.78078078078078,82.45703301094487,16,298.23072519602835
12.804804804804805,93.32646106539826,18,333.64435998058826
12.82882882882883,87.1465863594847,24,331.74534696255307
12.852852852852854,79.55808587705381,16,265.28420328739975
12.876876876876876,88.03203438105771,20,335.65313441083765
12.9009009009009,82.66132567545866,16,299.969777971112
12.924924924924925,68.1328143480475,21,286.82987334849213
12.94894894894895,83.33679817099657,14,267.39641969946575
12.972972972972974,68.57532313076084,23,290.5792717720602
12.996996996996996,87.5859690040182,22,322.55932818857906
13.02102102102102,70.33987077740468,23,298.0513176640282
13.045045045045045,60.56365957081831,26,304.77246865808513
13.06906906906907,99.02971110927243,18,336.06079983712607
13.093093093093094,81.60869284389459,13,256.7229041972209
13.117117117117116,67.18811453608866,17,272.4925449237241
13.14114114114114,74.30107475080602,18,281.156894325167
13.165165165165165,67.86370576168852,14,252.0935649774617
13.18918918918919,76.91238817448664,20,308.05775250932686
13.213213213213214,69.29690885439518,20,267.11765485329454
13.237237237237236,71.0028192292328,32,341.3590943831126
13.26126126126126,57.0445079482468,22,258.5582541666852
13.285285285285285,65.44751588089727,14,225.07229336399584
13.30930930930931,63.87828070790766,14,241.15158911979245
13.333333333333334,70.62892115910692,24,326.3734078340581
13.357357357357357,70.63539362631715,18,252.94208187964887
13.381381381381381,69.32750410175844,25,303.4763462371663
13.405405405405405,60.29347848000117,24,287.20860252696633
13.42942942942943,67.67748577906734,19,271.87404186298477
13.453453453453454,59.79317404539176,11,213.81542792598648
13.477477477477477,41.153914674566096,16,189.74809814710636
13.501501501501501,52.407472532716994,23,262.6473169993401
13.525525525525525,63.58362773180137,29,305.17619227002007
13.54954954954955,47.50988166000282,32,273.7691949188687
13.573573573573574,62.7954390088047,18,268.25752094346745
13.597597597597597,78.28271184733677,15,281.9420746858868
13.621621621621621,67.16330912580936,22,285.7080928849944
13.645645645645645,74.96562511749183,21,298.1589340539776
13.66966966966967,58.942463646281794,25,294.6371164287282
13.693693693693694,54.4072141239864,18,242.1389058968347
13.717717717717717,36.98562387434695,17,209.16457644946018
13.741741741741741,49.63393661980152,28,277.5182764560897
13.765765765765765,54.242128132567814,20,262.9013909481724
13.78978978978979,42.89976402508485,23,245.3767546788659
13.813813813813814,72.4427403261453,14,258.2674415297908
13.837837837837839,47.107765876117725,22,233.02843437862865
13.861861861861861,40.88282748206875,20,226.22079909274018
13.885885885885886,62.500041002292114,20,258.3381904872973
13.90990990990991,35.39455630087732,12,166.13601506619943
13.933933933933934,42.56035829547745,24,238.76876210959549
13.957957957957959,49.206823450242254,21,234.62517145536611
13.981981981981981,37.830233209925204,9,183.85412639596598
14.006006006006006,20.550806239581153,19,191.43302111706436
14.03003003003003,40.534420811846395,25,267.3626067352255
14.054054054054054,38.96198228799406,31,262.85717654259463
14.078078078078079,45.12474924953856,21,238.19627023242026
14.102102102102101,48.11247485340497,19,220.5961797610753
14.126126126126126,30.389594593257307,12,156.20061879292234
14.15015015015015,46.32883560461466,24,245.926851825514
14.174174174174174,36.12359522707818,20,227.16555304109448
14.198198198198199,40.68340104681379,16,199.9990999072046
14.222222222222221,30.180999456821805,22,223.71245891725044
14.246246246246246,30.69464374136222,21,215.16923511734836
14.27027027027027,22.71292251711631,20,211.27304336609131
14.294294294294295,37.24222768159034,28,242.57289601466636
14.318318318318319,33.891334161779,22,233.32995567638093
14.342342342342342,40.02761760220063,17,219.54667093543554
14.366366366366366,33.72727865084725,23,215.81986802052327
14.39039039039039,24.552772449576345,19,197.34804943505546
14.414414414414415,19.794484315806915,20,186.19366150511937
14.438438438438439,35.62187493102468,14,182.2843025778306
14.462462462462462,16.73736840712423,19,163.62276933191586
14.486486486486486,10.907706523256625,24,178.08377799148087
14.51051051051051,19.35794229398567,18,192.74553707736214
14.534534534534535,3.7501855005659253,21,156.1108027943103
14.558558558558559,29.279631611190727,24,230.05623891337171
14.582582582582582,33.00972417651987,21,206.85820228411197
14.606606606606606,37.36975673637687,22,220.7608038303572
14.63063063063063,3.6395260749366165,13,126.99079213426455
14.654654654654655,11.071863861844054,16,132.61192957213675
14.67867867867868,17.185153304345448,8,114.25420496567422
14.702702702702702,12.841740254295944,26,200.13186272742232
14.726726726726726,25.906869650182163,30,247.107645498945
14.75075075075075,10.796456079721729,19,159.05423156153412
14.774774774774775,11.376567604684054,20,171.03565734465167
14.7987987987988,10.581277781472773,17,157.48750951752004
14.822822822822822,3.422835940263351,27,193.66051580358848
14.846846846846846,4.874616133020996,24,164.43173471990426
14.87087087087087,6.449104076141579,20,154.66926978560778
14.894894894894895,15.59505421456912,21,192.82242173259232
14.91891891891892,1.9772208650353014,18,147.65767036256608
14.942942942942944,13.127416277311669,16,137.35506686864153
14.966966966966966,8.761017941449275,20,165.9377357873215
14.99099099099099,12.23880016800333,18,139.66832081523154
15.015015015015015,7.8047363977500614,24,181.12386686114885
15.03903903903904,11.587871576036271,15,162.2705304366494
15.063063063063064,1.9487667946644514,20,139.60779560582824
15.087087087087086,0.8673465365698442,19,133.65272387948514
15.11111111111111,12.252976534148697,14,147.4795842173593
15.135135135135135,14.612752379596797,20,159.20289501250255
15.15915915915916,18.607998029738983,34,246.36592323810507
15.183183183183184,2.7326848567183175,17,141.9793306388037
15.207207207207206,1.043790013785171,16,121.36634317229792
15.23123123123123,3.809138488333615,16,130.9522707982512
15.255255255255255,9.237989352903528,23,186.68360157472316
15.27927927927928,16.540222790927828,19,178.1337442550591
15.303303303303304,10.038803699804335,18,158.6557012724726
15.327327327327327,2.5978103114158837,25,172.78637981211338
15.35135135135135,1.6538466112709205,18,143.06235842928547
15.375375375375375,8.933104592393617,24,182.75500850991577
15.3993993993994,29.97394576736102,21,215.7241458321781
15.423423423423424,11.679264907329284,12,124.65947983374907
15.447447447447447,0.23376643106010342,23,159.98418546066713
15.471471471471471,13.796253298208432,24,184.10734308531113
15.495495495495495,14.51330760800358,30,225.1630256024313
15.51951951951952,8.743191250716617,17,140.93493242370334
15.543543543543544,18.666032183860796,17,157.8222304967323
15.567567567567567,17.881016487712124,24,205.05134715668083
15.591591591591591,28.131783315269253,20,205.16573916388987
15.615615615615615,40.63651729936676,18,225.94861879506607
15.63963963963964,34.38762421501965,25,236.38291165320723
15.663663663663664,21.405787774235453,23,208.88309500782947
15.687687687687687,13.999702079127122,28,220.57044294405395
15.711711711711711,51.76633419013523,17,240.11554159372153
15.735735735735735,27.590087022671945,15,169.1308444245297
15.75975975975976,28.09965695117639,23,219.97222800434395
15.783783783783784,28.678772896985084,30,258.35030010586814
15.807807807807807,31.857633340929294,18,201.21047477436144
15.831831831831831,29.386949941268554,24,205.40461879432175
15.855855855855856,26.04461311397953,18,191.26169003526144
15.87987987987988,27.260138430130354,25,249.2852268938728
15.903903903903904,33.34541039914834,19,205.80213982243856
15.927927927927929,29.179536637903823,15,173.86208608103823
15.951951951951951,28.422699487773578,21,213.43474042851696
15.975975975975976,37.5492703498701,15,201.15025073233383
16.0,34.86535088291344,17,214.65805341999103
16.024024024024023,53.381458951854086,22,252.25630841669135
16.04804804804805,12.754395190351348,16,160.96673705059678
16.07207207207207,51.097791760670496,21,261.3160203500718
16.096096096096097,53.558178846266635,27,288.9831806114161
16.12012012012012,21.27391034693515,22,204.29505423344756
16.144144144144143,39.48721331963742,21,242.70143388769083
16.16816816816817,40.10165722117697,17,222.43097274714296
16.19219219219219,30.638535208346674,22,208.42345387253266
16.216216216216218,37.82859127003882,23,247.50741305628114
16.24024024024024,35.389535909003364,12,178.85290648840225
16.264264264264263,64.90187621205084,17,264.32528619704965
16.28828828828829,57.615085755838145,22,274.8270062865581
16.31231231231231,61.848147364890806,11,226.13080177873593
16.336336336336338,57.2186885861549,29,320.36346115238945
16.36036036036036,39.575811593950064,22,237.39552467048907
16.384384384384383,46.480391224806134,16,210.91847431893373
16.40840840840841,57.47342120459599,23,275.2367690747199
16.43243243243243,41.20721075281295,17,218.49866597102795
16.456456456456458,61.40193288694211,11,239.4653829862241
16.48048048048048,52.706716326978984,14,230.88582094488774
16.504504504504503,52.194261966935485,23,260.39668465991406
16.52852852852853,63.87896405283959,19,297.1954128580537
16.55255255255255,62.03320355417215,19,271.37181787578174
16.576576576576578,54.7963443053542,16,252.0763257204283
16.6006006006006,70.80888727094467,17,274.90243200791883
16.624624624624623,49.20860586477447,21,258.6246780504773
16.64864864864865,66.97623121811205,17,277.29309342735405
16.67267267267267,67.53942991797369,21,302.27882497150796
16.696696696696698,59.298322004391956,22,289.26041715265626
16.72072072072072,66.43423385525803,16,271.752599873408
16.744744744744743,51.434555213222644,23,264.9524773487384
16.76876876876877,73.95234118943988,17,277.49352826562546
16.792792792792792,63.622945538425476,21,285.9503445584713
16.816816816816818,60.99807234717658,30,331.7778758682143
16.84084084084084,77.46209472044647,16,283.21950495564937
16.864864864864863,60.668554907629094,23,297.58342406699666
16.88888888888889,54.360583495132545,19,268.9140011117936
16.912912912912912,53.60525119726063,21,253.7860319425258
16.936936936936938,75.95105796818048,19,289.343719709209
16.96096096096096,57.79907741542905,15,240.07728712468762
16.984984984984983,88.85665082599769,36,411.7443832888423
17.00900900900901,51.18760789867742,13,213.15657268671134
17.033033033033032,89.66244357881273,27,378.946013045396
17.057057057057058,75.49174819775651,17,291.39533618186874
17.08108108108108,73.09078324252954,23,312.8192802107097
17.105105105105103,69.27764376534329,21,280.5115076073166
17.12912912912913,79.37962846039642,22,306.98848614390516
17.153153153153152,75.6657991121136,23,320.6011501865047
17.177177177177178,87.72142439375007,16,285.6484240574833
17.2012012012012,78.46925736031537,23,333.6684924206751
17.225225225225223,79.46082566640858,16,289.0157885647696
17.24924924924925,74.94470177718587,17,319.0680809980668
17.273273273273272,78.62650975323436,11,287.1520018324496
17.2972972972973,82.88119037716451,23,330.8397819537458
17.32132132132132,63.30069922436938,22,287.5019923873896
17.345345345345343,67.51168311689604,24,317.0152174098484
17.36936936936937,89.00921695619112,28,387.15826811967077
17.393393393393392,83.8600951460846,16,283.5200798979892
17.41741741741742,80.87824061981048,23,311.1449788383263
17.44144144144144,83.4607582258695,20,313.02549272051954
17.465465465465467,87.30223660819608,18,322.8282454445272
17.48948948948949,78.97042404856393,21,320.3780524706723
17.513513513513512,77.11812126426743,17,302.4744976189139
17.53753753753754,87.38426168434495,27,350.38416069764946
17.56156156156156,76.15816235203168,24,301.8395707590593
17.585585585585587,90.53188734883794,22,352.40067340745406
17.60960960960961,69.92233123333526,23,299.391528565847
17.633633633633632,97.72981897325735,19,323.1756602035292
17.65765765765766,92.64557148139674,29,384.7147533953602
17.68168168168168,90.95241856123421,25,367.88163904970025
17.705705705705707,98.68269877523588,19,344.2619433463761
17.72972972972973,105.96529779569128,17,345.54130091874686
17.753753753753752,99.90006954698053,11,306.46777803376324
17.77777777777778,71.78444858918682,28,333.19640288769915
17.8018018018018,77.82520593148995,24,315.5753461489836
17.825825825825827,84.79149434507632,22,325.9136593977258
17.84984984984985,91.71017302020135,15,317.1826946400904
17.873873873873872,97.02627195178152,12,310.8909509389497
17.8978978978979,84.98345955569823,22,335.3412108647584
17.92192192192192,94.49053878366418,25,357.79535851456035
17.945945945945947,85.4417345050036,13,287.90627522648833
17.96996996996997,87.24376038263604,17,291.62678021075345
17.993993993993993,79.64634751252882,20,315.0594436458935
18.01801801801802,84.82525610017333,18,327.9931433325364
18.04204204204204,80.87594806545695,30,351.136700936619
18.066066066066067,84.95980904483406,18,308.25853955468875
18.09009009009009,105.57121624660202,13,333.7037705505756
18.114114114114113,85.84754366229717,21,343.5658560112115
18.13813813813814,121.96253429865087,22,403.85723684871465
18.16216216216216,100.85949081092681,19,344.28296481568117
18.186186186186188,98.05265942590762,15,305.974645986213
18.21021021021021,87.8890671549008,15,306.4431462335133
18.234234234234233,103.7344240112678,16,362.5923111266758
18.25825825825826,91.22393478835262,15,314.9962289711268
18.28228228228228,98.43968165537656,23,366.5034203657628
18.306306306306308,123.04995799967197,20,404.2396580259327
18.33033033033033,96.70827837897362,12,308.2966277094522
18.354354354354353,109.37158902917692,16,345.67609739881556
18.37837837837838,91.0472624963032,13,310.4624592845186
18.4024024024024,97.91948535795129,20,353.3037931542273
18.426426426426428,116.15787359643357,16,367.771158991483
18.45045045045045,92.35082901545678,18,320.2993491094824
18.474474474474473,116.90573580538785,22,412.2699743535467
18.4984984984985,106.00962238375845,19,369.1617677163435
18.52252252252252,93.4483751303771,20,336.93510945464874
18.546546546546548,105.52813307422365,23,391.7141543249063
18.57057057057057,109.0506727811052,20,368.8373488900701
18.594594594594593,105.65434818359046,26,389.2724452258543
18.61861861861862,83.83515818031351,20,315.92914104168005
18.64264264264264,92.35721684412907,21,327.9316760853051
18.666666666666668,97.23460273887244,18,345.18462928192696
18.69069069069069,99.03666442800102,23,350.83395214469056
18.714714714714713,106.04893131656034,18,345.95756846460716
18.73873873873874,101.67042783650457,16,318.80119179844
18.762762762762762,86.58117245929321,19,323.5899362789658
18.786786786786788,103.76777938074034,24,382.3927145191223
18.81081081081081,106.09282662816697,20,365.35112355690273
18.834834834834833,105.59602331859601,22,367.2707741949908
18.85885885885886,110.80705600090714,16,346.4683510440245
18.882882882882882,108.3295803258278,23,392.95150793577
18.906906906906908,104.56325062727313,25,385.3417026581821
18.93093093093093,99.24086668939073,18,348.4381093869357
18.954954954954953,83.29397425051691,19,309.6003265046565
18.97897897897898,104.15081527320247,19,362.04919491105267
19.003003003003002,101.87255406902193,18,363.7868975202135
19.027027027027028,102.4425102115212,27,402.8277595080513
19.05105105105105,86.88028815949329,18,316.7895912899749
19.075075075075073,88.74827593823441,33,402.2937668052533
19.0990990990991,109.9914615577548,22,384.87356866750474
19.123123123123122,98.95550733601648,18,345.3591858883496
19.147147147147148,106.04723677564645,21,371.2798044712493
19.17117117117117,99.38664147435128,16,334.6434444033622
19.195195195195193,99.26231690581413,18,348.2311529279556
19.21921921921922,108.19897515299645,18,354.1220209678311
19.243243243243242,93.4971700694981,23,349.5652815988261
19.26726726726727,99.45041993916568,23,357.81721614182106
19.29129129129129,93.68818553454702,16,309.24753389793085
19.315315315315313,93.77785169580741,20,333.32882241535594
19.33933933933934,94.83313643063799,24,369.2789159473353
19.363363363363362,99.93842705863159,21,354.0390690524344
19.38738738738739,92.71204360268057,24,368.72239400983426
19.41141141141141,109.82976215146978,24,398.2408960246994
19.435435435435434,88.08905232759334,24,334.79936882711246
19.45945945945946,94.91961049470575,14,324.76735521000677
19.483483483483482,92.13451980165436,22,360.8274765096763
19.50750750750751,110.735440238373,15,345.05477625092
19.53153153153153,97.95539440274376,26,388.707298829032
19.555555555555557,106.02285914395027,27,397.1474025804752
19.57957957957958,80.55378759959598,21,325.82301770541403
19.603603603603602,97.77531159951417,26,371.7164499402895
19.62762762762763,103.68700505705797,22,358.32582847165304
19.65165165165165,95.28992717656396,20,345.70663741195324
19.675675675675677,104.78881566596353,17,352.36736889620573
19.6996996996997,88.61861986829408,17,317.35954189954117
19.723723723723722,107.5330733667013,16,342.3970123223482
19.74774774774775,116.06731219887845,27,422.3788770196888
19.77177177177177,89.07935095728263,15,315.1669647556879
19.795795795795797,87.87282768117781,23,349.6841124485177
19.81981981981982,106.4725627985216,25,399.22959536249476
19.843843843843842,107.33609240656854,24,387.50256434012624
19.86786786786787,85.90425130356697,23,358.1292853578991
19.89189189189189,86.51433256712345,29,365.94260744437474
19.915915915915917,87.47261409779391,18,329.56857891420276
19.93993993993994,76.4111674686827,15,299.4610656867849
19.963963963963963,80.22536201660463,16,305.1516968525901
19.98798798798799,78.9177236937717,17,300.7741690808591
20.01201201201201,80.81949193284072,24,336.39204943508764
20.036036036036037,87.6800875338106,13,310.8291596861919
20.06006006006006,89.88973230501833,18,315.7298955376001
20.084084084084083,102.56446625870295,16,335.6799421658617
20.10810810810811,76.57907396274551,26,339.50689459489814
20.13213213213213,95.90031786693172,16,344.5735697053798
20.156156156156158,83.40306207728624,11,286.0722689834499
20.18018018018018,84.52559870262465,23,334.91128036068744
20.204204204204203,91.23719701838954,16,319.98392959554263
20.22822822822823,72.722082425974,19,294.98561809566974
20.25225225225225,87.22528897320593,24,348.10944478083326
20.276276276276278,84.5092457086007,17,324.636215831598
20.3003003003003,87.20446738477624,16,301.5924043778183
20.324324324324323,84.59862789465654,24,366.2580373196298
20.34834834834835,105.6787425738542,24,400.68482709459965
20.37237237237237,74.1590122956387,25,345.34375841443153
20.396396396396398,74.62904384623346,21,310.8178817614035
20.42042042042042,73.10219954383048,26,335.96625315813117
20.444444444444443,73.16547584364469,24,313.33276687537557
20.46846846846847,71.72513026281366,23,314.6090418603647
20.49249249249249,89.36009586951435,16,325.1342176929377
20.516516516516518,91.03813961540037,18,346.58645939816427
20.54054054054054,70.48110213994046,24,311.51225773347807
20.564564564564563,67.21284323496339,21,297.4643207937678
20.58858858858859,79.59081971177179,19,314.4344129869841
20.61261261261261,68.68719628540671,22,295.25433838672643
20.636636636636638,79.86407174131848,29,372.5515458101309
20.66066066066066,74.88194246495084,20,304.5059635944576
20.684684684684683,57.00592999644073,23,289.11201053516527
20.70870870870871,86.94185131859918,17,316.4903350442057
20.73273273273273,88.72184326017454,22,341.74849966135054
20.756756756756758,63.924356426978214,15,265.04853326942117
20.78078078078078,65.45738533785017,19,286.10101723236244
20.804804804804803,71.46826518005518,25,326.63236595173817
20.82882882882883,71.22251486201637,21,302.6468999937158
20.852852852852852,73.7249240443298,31,368.2036533550477
20.876876876876878,86.49633372069736,20,352.1594707569482
20.9009009009009,63.87297040144014,15,266.8475158339743
20.924924924924923,56.901047236788905,17,271.53805139746385
20.94894894894895,50.325903063844265,21,254.59643372300076
20.972972972972972,56.03844590741824,18,266.5734251266931
20.996996996996998,62.23878013073902,12,236.49486806275837
21.02102102102102,79.73166256185304,22,317.75713891145017
21.045045045045043,55.81981407103632,15,242.38104920261742
21.06906906906907,62.437537953328714,17,285.00127645800035
21.093093093093092,59.2331288782619,27,326.2456953224995
21.117117117117118,70.47303839211762,25,331.7274753561306
21.14114114114114,83.04430713805313,18,304.1850321006304
21.165165165165163,51.64638334949241,12,224.82545568060092
21.18918918918919,51.23505798531342,12,229.05468362721177
21.213213213213212,65.7398183719555,16,276.8746386793366
21.237237237237238,61.28034083734985,17,252.83445755160395
21.26126126126126,72.08625853259582,15,274.05312236877666
21.285285285285283,58.61085384903378,17,265.4367859124363
21.30930930930931,48.325750125228126,18,255.94233727355606
21.333333333333332,56.967116154351395,16,235.97295409770334
21.35735735735736,61.284384226070976,16,265.01960076941543
21.38138138138138,57.53392105763685,22,290.6424739582074
21.405405405405403,53.52864763286688,16,259.7696313671121
21.42942942942943,58.24460703788803,14,257.7060782064387
21.453453453453452,58.388001590584224,26,316.96207672961685
21.47747747747748,59.62914232209727,12,235.69131200960763
21.5015015015015,51.40256812102657,17,233.22961937532457
21.525525525525524,42.34770476943828,24,265.34145854483916
21.54954954954955,44.58502809568843,21,268.8350230921111
21.573573573573572,54.27766616560867,14,257.21059832718237
21.5975975975976,33.13367538229471,17,223.16563458036006
21.62162162162162,44.07608223087206,12,217.31043755462633
21.645645645645647,35.53823107772104,17,224.80979557623868
21.66966966966967,38.837382454118,11,192.1225864496372
21.693693693693692,50.4089051918819,19,259.5982885293087
21.71771771771772,38.606059643690045,21,264.05596769879656
21.74174174174174,36.226440016502984,17,213.25252520031245
21.765765765765767,21.226935355902565,26,253.89895591620095
21.78978978978979,41.34796516063424,15,219.84501814571726
21.813813813813812,39.39680874456892,23,272.48938002153005
21.83783783783784,53.62775083158805,20,258.7008650817142
21.86186186186186,27.967452012136263,18,217.3795316215046
21.885885885885887,32.283657685604126,19,217.8572716693897
21.90990990990991,31.62989607563656,19,209.83684996176098
21.933933933933933,43.95157744821716,14,225.89029712234557
21.95795795795796,26.262251414002858,30,278.49309458783927
21.98198198198198,29.040857133745355,21,220.5782458275017
22.006006006006007,31.362411811138436,20,213.75268203571088
22.03003003003003,26.17980939566576,16,197.53126123807206
22.054054054054053,18.877217247204747,18,193.04224336879983
22.07807807807808,24.30794973916842,14,190.33332998811608
22.1021021021021,32.12662255986222,15,215.05549713967562
22.126126126126128,10.146264021136929,16,166.0767546079273
22.15015015015015,20.760180497660464,25,251.525844593714
22.174174174174173,11.446395423691785,21,196.657660815259
22.1981981981982,29.413341239238665,18,211.95701201300295
22.22222222222222,1.2445275083540737,18,143.04004809234652
22.246246246246248,9.899048763578413,21,188.9102410627339
22.27027027027027,18.270704750970822,24,219.9883508586411
22.294294294294293,29.162692306158288,22,244.81131545801418
22.31831831831832,11.857461977126151,16,175.2947151498758
22.34234234234234,5.96922790222491,16,147.17179161515065
22.366366366366368,29.33789802448062,24,247.49743901217073
22.39039039039039,4.949762245523402,23,198.78600737950853
22.414414414414413,13.454588317637805,19,204.4327334723972
22.43843843843844,11.935855189777467,13,165.06206536901084
22.46246246246246,1.5166528122292884,28,218.02915955496076
22.486486486486488,4.674303772479352,17,162.40892695056982
22.51051051051051,11.62186330781882,20,194.65837820140365
22.534534534534533,5.976125673425294,24,212.0509039575158
22.55855855855856,3.1032025883458476,20,160.5543068775709
22.58258258258258,11.266249348907188,24,206.78585317339255
22.606606606606608,9.260424853384956,25,203.61498203902735
22.63063063063063,6.03686659091186,18,173.75715626097684
22.654654654654653,2.4578539784283757,21,190.18189367732862
22.67867867867868,15.99947136984922,20,194.06523590852376
22.7027027027027,14.168302321966003,10,122.54166907734574
22.726726726726728,19.7229149989316,21,208.50380272779867
22.75075075075075,12.386504962010644,25,227.1599994964476
22.774774774774773,6.922497567288019,16,167.54561848839916
22.7987987987988,5.031808097440985,23,197.74187506938412
22.822822822822822,10.875380346869857,21,192.41929614346338
22.846846846846848,5.939434990759938,15,142.62910315986255
22.87087087087087,22.97140449958344,24,239.70836482802414
22.894894894894893,2.9866621678980634,23,181.31519092013454
22.91891891891892,13.266321889472538,24,237.1303678695064
22.942942942942942,2.264431059079111,22,189.06276303053218
22.966966966966968,11.001368761387608,28,225.0971553981366
22.99099099099099,10.850877143621771,11,139.56087478633023
23.015015015015013,10.708978726485604,25,214.53356043188035
23.03903903903904,12.916164184597767,24,212.55442626609513
23.063063063063062,11.950877647757824,18,194.25928224000438
23.087087087087088,6.069593930481259,31,238.26461081966426
23.11111111111111,18.376981546398977,28,238.770979037046
23.135135135135133,14.231191402282612,21,221.77219506152846
23.15915915915916,23.195485280084423,17,201.36153135284854
23.183183183183182,8.871621281260309,23,209.98118887175914
23.207207207207208,31.009049633468898,23,240.55745581411182
23.23123123123123,7.2056261122045715,18,177.73610219554806
23.255255255255253,26.58398724366458,19,221.04484016452687
23.27927927927928,41.45491259109566,18,223.85117009906764
23.303303303303302,26.828151122470274,29,288.71896325945687
23.32732732732733,35.87892902169791,18,244.6462846346033
23.35135135135135,21.618281493094173,11,164.31866387878253
23.375375375375373,37.504252851497355,15,209.1119344245623
23.3993993993994,36.39003948581745,19,241.4538933078686
23.423423423423422,51.77060536928697,16,254.67845800298815
23.44744744744745,38.341960081268866,22,260.5829519905124
23.47147147147147,58.99800034868198,24,310.32618907371926
23.495495495495494,51.535062656954665,24,298.61902169345507
23.51951951951952,29.02513847685317,22,253.08189250618298
23.543543543543542,29.700863833268947,19,230.71339034845496
23.56756756756757,34.23010680523544,17,213.66636132407416
23.59159159159159,49.07640471314449,17,267.55321272818827
23.615615615615617,40.80176917751526,15,243.85653083676027
23.63963963963964,41.27465283237648,19,279.98879192879275
23.663663663663662,53.73211407041705,14,237.22027879942908
23.68768768768769,28.020100644032663,20,229.53208448263115
23.71171171171171,35.1817632430658,20,220.67767458937686
23.735735735735737,47.06192606811743,21,275.86255090723415
23.75975975975976,45.4758299460369,15,231.74893618968537
23.783783783783782,44.54868066942843,21,284.68317063845774
23.80780780780781,67.93300529369965,18,289.5432843106369
23.83183183183183,50.86581725190455,25,281.33529961963194
23.855855855855857,56.08742366671942,19,274.02977749398127
23.87987987987988,60.15238246051931,24,292.1895268485069
23.903903903903903,53.810762846672446,21,291.8442319501297
23.92792792792793,33.881362056966346,16,198.8956774351533
23.95195195195195,46.30306995387225,21,269.746571575432
23.975975975975977,59.27127804156241,20,269.6923658124908
24.0,48.67628327537539,15,241.14958850538437
